rid,name,img,city,area,location,description,rating
24,Anand Vihar Bhojnalaya,restaurant/res24.jpg,Shegaon,Jyotiba Nagar,https://www.google.com/maps/embed?pb=!1m18!1m12!1m3!1d3730.2583488036184!2d76.69449689999999!3d20.780833599999998!2m3!1f0!2f0!3f0!3m2!1i1024!2i768!4f13.1!3m3!1m2!1s0x3bd745996af32575%3A0x19f87354b67988a2!2sAnand%20Vihar%20Bhojnalaya!5e0!3m2!1sen!2sin!4v1709739060819!5m2!1sen!2sin,"Welcome to Anand Vihar Bhojnalaya, where every meal is a journey through the flavors of India's rich culinary heritage. Located in the heart of [Location], our restaurant is a haven for those seeking authentic vegetarian cuisine in a warm and welcoming atmosphere.

At Anand Vihar Bhojnalaya, we take pride in offering a diverse menu that showcases the best of Indian culinary traditions. From aromatic curries and fragrant biryanis to mouthwatering street food specialties, each dish is prepared with care and attention to detail, using only the freshest ingredients and traditional cooking techniques.",4.8
23,"Gayatri pure veg, Restaurant",restaurant/res23.jpg,Shegaon,Jyotiba Nagar,https://www.google.com/maps/embed?pb=!1m18!1m12!1m3!1d2528.908441054415!2d76.69636940058629!3d20.78090964568308!2m3!1f0!2f0!3f0!3m2!1i1024!2i768!4f13.1!3m3!1m2!1s0x3bd745afd80dd7a1%3A0xd7ae2332e51b18be!2sGayatri%20pure%20veg%2C%20Restaurant!5e1!3m2!1sen!2sin!4v1709738987444!5m2!1sen!2sin,"Welcome to Gayatri Pure Veg Restaurant, where every meal is a celebration of vegetarian excellence. Situated in the heart of [Location], our restaurant invites you to experience the flavors of India in a warm and inviting ambiance.

At Gayatri Pure Veg, we believe in the power of fresh, locally sourced ingredients to create dishes that delight the senses and nourish the soul. Our menu features a diverse selection of vegetarian delicacies, ranging from traditional North Indian classics to South Indian specialties and everything in between.",4.0
22,Pankaj Restaurant,restaurant/res22.jpg,Shegaon,Gajanan Maharaj Temple,https://www.google.com/maps/embed?pb=!1m18!1m12!1m3!1d298.34696191097845!2d76.70088596342265!3d20.793307178341692!2m3!1f0!2f0!3f0!3m2!1i1024!2i768!4f13.1!3m3!1m2!1s0x3bd7450a14415431%3A0xdbd40988bceb3aaa!2sPankaj%20Restaurant!5e1!3m2!1sen!2sin!4v1709738727593!5m2!1sen!2sin,"Pankaj Restaurant welcomes you to indulge in a culinary experience like no other. Located in the heart of , our restaurant offers a vibrant ambiance and a delectable menu that promises to delight your senses.

At Pankaj Restaurant, we take pride in serving a diverse range of dishes that showcase the rich flavors of Indian cuisine. From traditional classics to modern interpretations, each dish is crafted with care and expertise to ensure an unforgettable dining experience.",4.8
21,Vishwas Pure Veg,restaurant/res21.jpg,Shegaon,Gajanan Maharaj temple,https://www.google.com/maps/embed?pb=!1m18!1m12!1m3!1d298.3474442386841!2d76.70062059028784!3d20.793063245687183!2m3!1f0!2f0!3f0!3m2!1i1024!2i768!4f13.1!3m3!1m2!1s0x3bd74556ef2ed79f%3A0x442155d6798ecd32!2sVishwas%20Pure%20Veg!5e1!3m2!1sen!2sin!4v1709738648924!5m2!1sen!2sin,"Welcome to Vishwas Pure Veg, where flavor meets freshness in every bite. Nestled in the heart of shegaon, our restaurant offers a haven for those seeking delicious and wholesome vegetarian cuisine.

At Vishwas Pure Veg, we believe in the power of natural ingredients and authentic flavors to create memorable dining experiences. Our menu features a diverse selection of vegetarian delights, carefully crafted to tantalize your taste buds and nourish your body.",4.6
20,Gurukrupa Restaurant and Cafe,restaurant/res20.jpg,Shegaon,Shegaon Road,https://www.google.com/maps/embed?pb=!1m18!1m12!1m3!1d1419.2379286658213!2d76.6849606439716!3d20.78771313168956!2m3!1f0!2f0!3f0!3m2!1i1024!2i768!4f13.1!3m3!1m2!1s0x3bd7456eb0742a43%3A0x205004678b27a1c!2sGurukrupa%20Restaurant%20and%20Cafe!5e1!3m2!1sen!2sin!4v1709738435401!5m2!1sen!2sin,"Gurukrupa Restaurant and Cafe extends a warm welcome to all food enthusiasts seeking a delightful culinary experience. Situated in the heart of [Location], our establishment offers a unique blend of restaurant dining and cafe ambiance.

At Gurukrupa, we pride ourselves on serving a diverse array of dishes that cater to every palate. Whether you're craving traditional Indian delicacies, continental delights, or refreshing beverages, our menu has something for everyone. From hearty breakfast options to satisfying meals and delectable desserts, each dish is prepared with care and attention to detail.",4.0
19,Sukh Sagar Veg Restutrant,restaurant/res19.jpg,Shegaon,Shegaon Road,https://www.google.com/maps/embed?pb=!1m18!1m12!1m3!1d2838.500679497342!2d76.68529751286762!3d20.78639322770398!2m3!1f0!2f0!3f0!3m2!1i1024!2i768!4f13.1!3m3!1m2!1s0x3bd74537005fd0a3%3A0xb2af4d0b8ff8507b!2sSukh%20Sagar%20Veg%20Restutrant!5e1!3m2!1sen!2sin!4v1709738345998!5m2!1sen!2sin,"Welcome to Sukh Sagar Veg Restaurant, where every dish is a celebration of vegetarian excellence. Nestled in the heart of [Location], our restaurant offers a haven for those seeking delicious and wholesome vegetarian cuisine.

At Sukh Sagar, we are passionate about creating memorable dining experiences that cater to all palates. Our menu features a diverse selection of vegetarian delights, ranging from traditional Indian favorites like dosas, idlis, and curries to innovative fusion dishes that showcase the versatility of vegetarian ingredients.",3.8
18,Della Villa Bistro,restaurant/res18.jpg,Lonavala,Kunegaon,https://www.google.com/maps/embed?pb=!1m18!1m12!1m3!1d854.593225643244!2d73.38761794559521!3d18.779202988589347!2m3!1f0!2f0!3f0!3m2!1i1024!2i768!4f13.1!3m3!1m2!1s0x3be801f16f55b58b%3A0xacfd0dac8d922a72!2sDella%20Villa%20Bistro!5e1!3m2!1sen!2sin!4v1709737368958!5m2!1sen!2sin,"Welcome to Della Villa Bistro, where culinary excellence meets the charm of Italian hospitality. Situated in the heart of [Location], our bistro offers a cozy and inviting atmosphere for guests to enjoy a taste of Italy.

At Della Villa Bistro, we take pride in offering a menu inspired by the rich traditions of Italian cuisine, with a focus on fresh, locally sourced ingredients and authentic flavors. From classic pasta dishes and wood-fired pizzas to hearty risottos and flavorful antipasti, each dish is crafted with care and passion to evoke the true essence of Italian cooking.",4.8
17,Parsi Dhaba,restaurant/res17.jpg,Lonavala,Kunegaon,https://www.google.com/maps/embed?pb=!1m18!1m12!1m3!1d13673.319160984858!2d73.39311671910683!3d18.781328057230276!2m3!1f0!2f0!3f0!3m2!1i1024!2i768!4f13.1!3m3!1m2!1s0x3be800c3de4865fd%3A0x5ccaee7ca002171b!2sParsi%20Dhaba!5e1!3m2!1sen!2sin!4v1709737278232!5m2!1sen!2sin,"Welcome to Parsi Dhaba, where every meal is a journey through the rich culinary heritage of the Parsi community. Nestled in the heart of [Location], our dhaba offers a warm and inviting atmosphere where guests can savor the authentic flavors of Parsi cuisine.

At Parsi Dhaba, we take pride in preserving traditional recipes passed down through generations, while also infusing our dishes with a touch of modern flair. From hearty dhansak and succulent salli boti to fragrant dhansak and flavorful patra ni machhi, each dish is a celebration of the unique spices and ingredients that define Parsi cooking.",4.6
16,Town Hill Cafe,restaurant/res16.jpg,Lonavala,Khnadala,https://www.google.com/maps/embed?pb=!1m18!1m12!1m3!1d854.7008952028526!2d73.37481009999999!3d18.7579615!2m3!1f0!2f0!3f0!3m2!1i1024!2i768!4f13.1!3m3!1m2!1s0x3be8012b8f10356b%3A0x3c91324e973fc91f!2sTown%20Hill%20Cafe!5e1!3m2!1sen!2sin!4v1709737174399!5m2!1sen!2sin,"Welcome to Town Hill Cafe, where every cup tells a story and every bite is a delight. Perched atop the scenic hills of [Location], our cafe offers a charming retreat for coffee lovers and food enthusiasts alike.

At Town Hill Cafe, we believe in the power of simple pleasures done right. Our menu features a curated selection of specialty coffees, freshly brewed teas, and delectable bites inspired by local flavors and international cuisine. Whether you're craving a perfectly crafted espresso, a refreshing iced latte, or a hearty sandwich to fuel your adventures, we have something to satisfy every craving.",4.9
15,Konkan Park,restaurant/res15.jpg,Lonavala,Khndala,https://www.google.com/maps/embed?pb=!1m18!1m12!1m3!1d3418.7914225539876!2d73.37732281074615!3d18.758561475661455!2m3!1f0!2f0!3f0!3m2!1i1024!2i768!4f13.1!3m3!1m2!1s0x3be801a9ece2d7f3%3A0xe00f7bae42267c29!2sKonkan%20Park!5e1!3m2!1sen!2sin!4v1709737070986!5m2!1sen!2sin,"Welcome to Konkan Park, where coastal flavors and culinary tradition blend harmoniously. Situated in the heart of [Location], our restaurant invites you to embark on a culinary journey through the vibrant coastal region of Konkan.

At Konkan Park, we celebrate the rich culinary heritage of the Konkan coast, offering an array of flavorful dishes that showcase the region's diverse ingredients and traditional cooking techniques. From fresh seafood delicacies to fragrant rice dishes and spicy curries, each bite is a celebration of the region's vibrant flavors and cultural influences.",4.8
14,White Spice,restaurant/res14.png,Lonavala,Old Mumbai Highway,https://www.google.com/maps/embed?pb=!1m18!1m12!1m3!1d1709.4365236919855!2d73.40634279687299!3d18.754533165989958!2m3!1f0!2f0!3f0!3m2!1i1024!2i768!4f13.1!3m3!1m2!1s0x3bc2b1990f883b75%3A0x643b0f645f5178bd!2sWhite%20Spice%20(Restaurant%20%26%20Coffee%20Shop)!5e1!3m2!1sen!2sin!4v1709736791795!5m2!1sen!2sin,"Welcome to White Spice, where culinary excellence meets modern sophistication. Located in the heart of [Location], our restaurant offers a vibrant and contemporary dining experience that promises to tantalize your taste buds.

At White Spice, we are passionate about creating memorable culinary experiences, and our menu reflects our commitment to quality and innovation. From innovative fusion dishes to traditional favorites with a twist, each creation is crafted with the finest ingredients and culinary expertise to ensure a truly exceptional dining experience.",4.1
13,Rama Krishna Veg & Non Vegetarian,restaurant/res13.jpg,Lonavala,OOld Mumbai Highway,https://www.google.com/maps/embed?pb=!1m18!1m12!1m3!1d4065.701864023369!2d73.40401587394815!3d18.75645425023615!2m3!1f0!2f0!3f0!3m2!1i1024!2i768!4f13.1!3m3!1m2!1s0x3be801107322e503%3A0xe6da90f5f3dfc9ce!2sRama%20Krishna%20Veg%20%26%20Non%20Vegetarian!5e1!3m2!1sen!2sin!4v1709736717612!5m2!1sen!2sin,"Welcome to Rama Krishna Veg & Non Vegetarian, where culinary excellence meets a delightful fusion of flavors. Nestled in the heart of [Location], our restaurant offers a vibrant dining experience that caters to both vegetarians and non-vegetarians alike.

Explore our diverse menu, thoughtfully curated to satisfy every palate. From aromatic vegetarian curries and wholesome lentil dishes to succulent non-vegetarian specialties and flavorful biryanis, each dish is prepared with the finest ingredients and traditional techniques to ensure an unforgettable dining experience.",4.1
12,Sawant Bandhu,restaurant/res12.jpg,Matheran,Mg Road,https://www.google.com/maps/embed?pb=!1m18!1m12!1m3!1d426.77198152631314!2d73.2700416653664!3d18.98500633212866!2m3!1f0!2f0!3f0!3m2!1i1024!2i768!4f13.1!3m3!1m2!1s0x3be7eff8b149c99f%3A0xdd09ce5913244b56!2sSawant%20Bandhu!5e1!3m2!1sen!2sin!4v1709736476072!5m2!1sen!2sin,"Sawant Bandhu extends a heartfelt welcome to all connoisseurs of great taste. Situated in the heart of [Location], our restaurant promises an unforgettable culinary journey through the flavors of India.

Experience the essence of Indian cuisine as you delve into our carefully crafted menu, showcasing a delightful array of dishes that capture the rich heritage and diversity of Indian gastronomy. From aromatic curries and sizzling tandoori delights to mouthwatering biryanis and delectable desserts, each offering is a testament to our commitment to quality and authenticity.",5.0
11,Hemlata Restaurant,restaurant/res11.jpg,Matheran,Echo Point,https://www.google.com/maps/embed?pb=!1m18!1m12!1m3!1d1435.4803420347682!2d73.26096226371517!3d18.985444355328784!2m3!1f0!2f0!3f0!3m2!1i1024!2i768!4f13.1!3m3!1m2!1s0x3be7eff784f07277%3A0xda2fa2e076304b0e!2sHemlata%20Restaurant!5e1!3m2!1sen!2sin!4v1709736351715!5m2!1sen!2sin,"Hemlata Restaurant warmly welcomes you to indulge in a culinary journey that celebrates the rich flavors and heritage of Indian cuisine. Situated in the heart of [Location], our restaurant offers a vibrant and inviting ambiance for diners to enjoy a memorable dining experience.

Discover the essence of Indian gastronomy as you explore our diverse menu, thoughtfully curated to tantalize your taste buds. From aromatic curries and succulent kebabs to tantalizing biryanis and delightful desserts, each dish is prepared with care and precision to deliver an authentic culinary delight.",3.5
10,China Town Matheran,restaurant/res10.jpg,Matheran,MG Road,https://www.google.com/maps/embed?pb=!1m18!1m12!1m3!1d15090.75420483046!2d73.2704202953421!3d18.9893573208883!2m3!1f0!2f0!3f0!3m2!1i1024!2i768!4f13.1!3m3!1m2!1s0x3be7efb561567009%3A0x99ebf8f384ae1a3b!2sChina%20Town%20Matheran!5e0!3m2!1sen!2sin!4v1709736182457!5m2!1sen!2sin,"Welcome to China Town Matheran, where the exotic flavors of China meet the serene ambiance of Matheran. Nestled amidst the picturesque landscapes of [Location], our restaurant offers a culinary journey through the heart of China.

Prepare to be delighted as you explore our menu, meticulously crafted to showcase the diverse and vibrant flavors of Chinese cuisine. From traditional favorites like dim sum and fried rice to modern interpretations of classic dishes, each bite is a celebration of authenticity and innovation.",3.6
9,Continental cafeteria,restaurant/res9.jpg,Matheran,Charlotte Lake,https://www.google.com/maps/embed?pb=!1m18!1m12!1m3!1d603.5644627274453!2d73.2613921259209!3d18.98011104833425!2m3!1f0!2f0!3f0!3m2!1i1024!2i768!4f13.1!3m3!1m2!1s0x3be7e5a548764ef3%3A0x26dce7e4a77c919!2sContinental%20cafeteria!5e1!3m2!1sen!2sin!4v1709735079223!5m2!1sen!2sin,"Welcome to Continental Cafeteria, where the flavors of Europe come alive in a cozy and inviting setting. Situated in the heart of [Location], our cafeteria offers a delightful escape for those craving a taste of the continent.

Immerse yourself in the charming ambiance as you savor a diverse array of European-inspired dishes crafted with care and creativity. From hearty sandwiches and savory quiches to delicate pastries and aromatic coffees, our menu showcases the best of European cuisine.",4.5
8,Shalimar,restaurant/res8.jpg,Matheran,MG Road,https://www.google.com/maps/embed?pb=!1m18!1m12!1m3!1d253.75592240272235!2d73.2707923974115!3d18.98777309831761!2m3!1f0!2f0!3f0!3m2!1i1024!2i768!4f13.1!3m3!1m2!1s0x3be7efde66c12b9d%3A0xbaca88ba04586a03!2sShalimar!5e1!3m2!1sen!2sin!4v1709734943673!5m2!1sen!2sin,"Welcome to Shalimar, where every visit promises a journey through the rich flavors and culinary traditions of India. Nestled in the heart of [Location], our restaurant is a cherished destination for those seeking an authentic dining experience.

Step into our inviting ambiance and prepare to be transported to the vibrant streets of India, where the aroma of spices fills the air and the sizzle of Tandoori delights tantalizes the senses. Our menu features a tantalizing array of dishes, each lovingly prepared using time-honored recipes and the finest ingredients.",4.1
7,Misty Matheran Resorts,restaurant/res7.jpeg,Matheran,MG Road,https://www.google.com/maps/embed?pb=!1m18!1m12!1m3!1d507.51256812844076!2d73.27020152938279!3d18.98753577487724!2m3!1f0!2f0!3f0!3m2!1i1024!2i768!4f13.1!3m3!1m2!1s0x3be7eff93160514f%3A0xfe13525a60409f18!2sMisty%20Matheran%20Resorts!5e1!3m2!1sen!2sin!4v1709734837213!5m2!1sen!2sin,"Misty Matheran Resorts welcomes you to a haven of tranquility nestled amidst the pristine beauty of Matheran. Our resort is a serene retreat where nature's splendor meets luxury, offering an escape from the hustle and bustle of city life.

Embrace the breathtaking views of lush greenery and mist-kissed mountains as you indulge in a truly immersive experience. Our resort boasts well-appointed accommodations, world-class amenities, and warm hospitality to ensure a memorable stay for every guest.",3.8
6,Hirkani Garden Restaurant,restaurant/res6.jpeg,Mahabaleshwar,Venna Lake,https://www.google.com/maps/embed?pb=!1m18!1m12!1m3!1d2042.540254611449!2d73.66909652678795!3d17.93487176004784!2m3!1f0!2f0!3f0!3m2!1i1024!2i768!4f13.1!3m3!1m2!1s0x3bc2654695ebffff%3A0xfa64b7c8dc1054f!2sHirkani%20Garden%20restaurant!5e1!3m2!1sen!2sin!4v1709734700459!5m2!1sen!2sin,"Hirkani Garden Restaurant invites you to experience culinary excellence amidst the tranquility of nature. Nestled in the lush surroundings of [Location], our restaurant offers a serene retreat where gastronomy meets relaxation.

Our menu is a harmonious blend of traditional flavors and contemporary twists, crafted with the freshest ingredients to tantalize your taste buds. From mouthwatering appetizers to flavorful mains and delectable desserts, each dish is a celebration of culinary artistry and regional authenticity.",3.8
5,Sonali Pride of Dining Restaurant,restaurant/res5.jpeg,Mahabaleshwar,Polo Ground,https://www.google.com/maps/embed?pb=!1m18!1m12!1m3!1d2888.812030761231!2d73.6393466606449!3d17.92114524979251!2m3!1f0!2f0!3f0!3m2!1i1024!2i768!4f13.1!3m3!1m2!1s0x3bc27b7341128285%3A0x1795c48a327814a9!2sSonali%20Pride%20of%20Dining%20Restaurant!5e1!3m2!1sen!2sin!4v1709733924486!5m2!1sen!2sin,"Sonali Pride of Dining Restaurant offers a culinary experience that transcends mere dining. Nestled in the heart of [Location], our restaurant boasts a blend of exquisite flavors, warm hospitality, and a vibrant ambiance.

Our menu is carefully crafted to delight discerning palates, featuring a fusion of traditional and contemporary dishes inspired by local flavors and global cuisine. Each dish is meticulously prepared using fresh, high-quality ingredients to ensure a memorable dining experience.",4.7
4,Meghdoot Restaurant,restaurant/res4.jpeg,Mahabaleshwar,MG Road,https://www.google.com/maps/embed?pb=!1m18!1m12!1m3!1d1444.3789046209881!2d73.65787115937748!3d17.924470295790677!2m3!1f0!2f0!3f0!3m2!1i1024!2i768!4f13.1!3m3!1m2!1s0x3bc2655229cad307%3A0xcecb02b8e911814e!2sMeghdoot%20Restaurant!5e1!3m2!1sen!2sin!4v1709734068239!5m2!1sen!2sin,"Meghdoot Restaurant invites you to embark on a gastronomic journey like no other. Situated in the heart of [Location], our establishment is a culinary haven where every dish tells a story of flavor, tradition, and innovation.

Steeped in rich heritage, our menu is a fusion of authentic recipes passed down through generations and contemporary culinary creations. From tantalizing appetizers to sumptuous main courses and decadent desserts, each dish is a masterpiece crafted with care and passion.",3.7
3,Little Italy Restaurant,restaurant/res3.jpeg,Mahabaleshwar,Satara Road,https://www.google.com/maps/embed?pb=!1m18!1m12!1m3!1d858.8306834707885!2d73.6620281438145!3d17.92491405276467!2m3!1f0!2f0!3f0!3m2!1i1024!2i768!4f13.1!3m3!1m2!1s0x3bc27ab6aa9ece07%3A0xc2212434a0d6db64!2sLittle%20Italy%20Restaurant%2C%20Mahabaleshwar!5e1!3m2!1sen!2sin!4v1709734282938!5m2!1sen!2sin,"Welcome to Little Italy Restaurant, where every meal is a celebration of authentic flavors and cherished traditions. Nestled in the heart of [Location], our establishment offers a charming and inviting atmosphere that sets the stage for unforgettable dining experiences.

Inspired by the rustic charm and culinary richness of Italy, our menu features a delectable array of dishes crafted with the finest ingredients and prepared with passion and expertise. From classic pasta dishes bursting with flavor to mouthwatering pizzas straight from the wood-fired oven, each bite is a journey to the heart of Italy.",3.8
2,Gurukripa Garden Kitchen and Dining,restaurant/res2.jpeg,Mahabaleshwar,Satara Road,https://www.google.com/maps/embed?pb=!1m18!1m12!1m3!1d1214.5512161542422!2d73.65843610579095!3d17.927653257816793!2m3!1f0!2f0!3f0!3m2!1i1024!2i768!4f13.1!3m3!1m2!1s0x3bc265e237a4618f%3A0x90b843de301289aa!2sGurukripa%20Garden%20Kitchen%20and%20Dining!5e1!3m2!1sen!2sin!4v1709734422689!5m2!1sen!2sin,"Gurukripa Garden Kitchen and Dining is more than just a restaurantâ€”it's a culinary sanctuary nestled amidst the serene beauty of [Location]. Our establishment offers a tranquil escape where food lovers can indulge in a delightful fusion of flavors, surrounded by lush greenery and tranquil ambience.

Our menu is a testament to the rich culinary heritage of India, featuring a diverse array of dishes that celebrate the vibrant tapestry of regional cuisines. From traditional favorites to innovative creations, each dish is crafted with love and care using the freshest ingredients sourced locally.",4.5
1,CREAM CORNER,restaurant/res1.jpeg,Mahabaleshwar,Venna Lake,https://www.google.com/maps/embed?pb=!1m18!1m12!1m3!1d2042.5636437054156!2d73.66798651047651!3d17.93284456525364!2m3!1f0!2f0!3f0!3m2!1i1024!2i768!4f13.1!3m3!1m2!1s0x3bc2656a98e7e103%3A0xcc08b81f7b011d65!2sCREAM%20CORNER!5e1!3m2!1sen!2sin!4v1709734576168!5m2!1sen!2sin,"Welcome to Cream Corner, where sweetness meets creativity in every bite. Situated in the heart of [Location], our charming corner is a delightful destination for dessert enthusiasts and ice cream aficionados alike.

At Cream Corner, we take pride in offering a tantalizing array of sweet treats that are sure to satisfy every craving. From artisanal ice cream flavors bursting with freshness to decadent desserts that are as beautiful as they are delicious, each creation is a masterpiece crafted with passion and precision.",4.3
